{"accuracy": 0.8854337152209493, "precision": 0.7346938775510204, "recall": 0.6206896551724138, "f1_score": 0.6728971962616822}